HotelName,Review,Rating,Sentence,Aspects
Sueno Hotels Deluxe Belek,Hotelin animasyonu muhtesem aktiviteden aktiviteye gidiyoruz eglenceli but animasyon ekibi var gercekten Hakan beye ilgisinden oturu cook tesekkur ederiz ayrica mini kulupteki arkadaslara dj ekibinin performansina mutfak calisanlarina ayrica tesekkur ediyiruz,5,Hotelin animasyonu muhtesem aktiviteden aktiviteye gidiyoruz eglenceli but animasyon ekibi var gercekten Hakan beye ilgisinden oturu cook tesekkur ederiz ayrica mini kulupteki arkadaslara dj ekibinin performansina mutfak calisanlarina ayrica tesekkur ediyiruz,"['Staff', 'Entertainment']"
Long Beach Resorts,Merhaba Ã¶ncelikle long beach ailesi Ã¶ncelikle animasyon ekibince Ã§ok teÅŸekkÃ¼r ederiz bizleri Ã§ok gÃ¼zel karÅŸÄ±ladÄ±lar Ã§ok gÃ¼zel aktiviteler yapÄ±yorlar Ã§ok gÃ¼zel sohbetler dÃ¶nÃ¼yor ve en Ã¶nemlisi GÃ¼ler yÃ¼zlÃ¼ler insanlardÄ±r kendileri gergin Ã¶ÄŸlen havuz oyunu oynanÄ±yor gelmenizi ve burayÄ± gÃ¶rmenizi Ã§ok isterim teÅŸekkÃ¼rler,5,Merhaba Ã¶ncelikle long beach ailesi Ã¶ncelikle animasyon ekibince Ã§ok teÅŸekkÃ¼r ederiz bizleri Ã§ok gÃ¼zel karÅŸÄ±ladÄ±lar Ã§ok gÃ¼zel aktiviteler yapÄ±yorlar Ã§ok gÃ¼zel sohbetler dÃ¶nÃ¼yor ve en Ã¶nemlisi GÃ¼ler yÃ¼zlÃ¼ler insanlardÄ±r kendileri gergin Ã¶ÄŸlen havuz oyunu oynanÄ±yor gelmenizi ve burayÄ± gÃ¶rmenizi Ã§ok isterim teÅŸekkÃ¼rler,"['Staff', 'Entertainment', 'Family']"
Trendy Lara,"Kalp kongresi iÃ§in 3 gece konakladÄ±ÄŸÄ±mÄ±z otelin temizliÄŸi, personelin ilgi alakasÄ± Ã§ok iyiydi ayrÄ±ca otel personeli Melike Hnm ve Mini club Ã§alÄ±ÅŸanlarÄ±na bize gÃ¶sterdikleri ilgi ve alakalarÄ± iÃ§in Ã§ok teÅŸekkÃ¼r ederiz.",5,"Kalp kongresi iÃ§in 3 gece konakladÄ±ÄŸÄ±mÄ±z otelin temizliÄŸi, personelin ilgi alakasÄ± Ã§ok iyiydi ayrÄ±ca otel personeli Melike Hnm ve Mini club Ã§alÄ±ÅŸanlarÄ±na bize gÃ¶sterdikleri ilgi ve alakalarÄ± iÃ§in Ã§ok teÅŸekkÃ¼r ederiz.","['Staff', 'Cleanliness']"
Long Beach Resorts,Merhaba Ã¶ncelikle hepinize  long beach hotel Ã§ok gÃ¼zel bir yer ve tavsiye ederim hepinize burayÄ± animasyon ekibi falan Ã§ok eÄŸlenceli aktiviteler yapÄ±yor Ã§ok samimiler gÃ¼zel havuz oyunlarÄ± oluyor hergÃ¼n baÅŸka bir shows baÅŸka bir eÄŸlence teÅŸekkÃ¼rler long beach hotel,5,Merhaba Ã¶ncelikle hepinize  long beach hotel Ã§ok gÃ¼zel bir yer ve tavsiye ederim hepinize burayÄ± animasyon ekibi falan Ã§ok eÄŸlenceli aktiviteler yapÄ±yor Ã§ok samimiler gÃ¼zel havuz oyunlarÄ± oluyor hergÃ¼n baÅŸka bir shows baÅŸka bir eÄŸlence teÅŸekkÃ¼rler long beach hotel,"['Staff', 'Entertainment']"
Sueno Hotels Deluxe Belek,Sueno delux bizlere yani yaslilara hitap eden bir otel bizler cok memnun kaldik animasyon ekibi sovlar disko bunlara gidmemize sila hanim cok yardin etti gercekteb minnettariz tekrardan gorysmek uzere sila hanimâ¤ï¸,5,Sueno delux bizlere yani yaslilara hitap eden bir otel bizler cok memnun kaldik animasyon ekibi sovlar disko bunlara gidmemize sila hanim cok yardin etti gercekteb minnettariz tekrardan gorysmek uzere sila hanimâ¤ï¸,"['Staff', 'Entertainment']"
Sueno Hotels Deluxe Belek,Animasyon coookkk iuyiii sovlar desen gercekteb muazzam bizlere cokeykiledi gercekteb sila hanimTesekkur ediyoruz bizlere3cokyardun ettiii tekrardangorusmek uzere sueno delux belekharikasin..    ........,5,Animasyon coookkk iuyiii sovlar desen gercekteb muazzam bizlere cokeykiledi gercekteb sila hanimTesekkur ediyoruz bizlere3cokyardun ettiii tekrardangorusmek uzere sueno delux belekharikasin..,"['Staff', 'Entertainment']"
Sueno Hotels Deluxe Belek,"Tahsin Beyâ€™le beraber katÄ±ldÄ±ÄŸÄ±mÄ±z bisiklet turu ve sonrasÄ±ndaki dart oyunu tatilimizi daha da renklendirdi. Son derece gÃ¼zel, dopdolu ve huzurlu bir deneyim yaÅŸadÄ±k, emeÄŸi geÃ§en herkese Ã§ok teÅŸekkÃ¼r ediyoruz. ğŸ’¯ğŸ§šğŸ»â€â™€ï¸ğŸ©µ",5,Tahsin Beyâ€™le beraber katÄ±ldÄ±ÄŸÄ±mÄ±z bisiklet turu ve sonrasÄ±ndaki dart oyunu tatilimizi daha da renklendirdi.,['Entertainment']
Sueno Hotels Deluxe Belek,"Kesinlikle tavsiye ederim, Ã§ok gÃ¼zel ve kaliteli bir otel. Bisiklet turunu Ã¶zellikle tavsiye ediyorum. Odalar ve havuzlar Ã§ok iyi. BalayÄ± Ã§iftleri iÃ§in gayet uygun, yazÄ±lan her ÅŸey yapÄ±lÄ±yor. Animasyondan Tahsin Bey inanÄ±lmaz eÄŸlendiriyor.",5,Odalar ve havuzlar Ã§ok iyi.,"['Room', 'Entertainment']"
Sueno Hotels Deluxe Belek,"Kesinlikle tavsiye ederim, Ã§ok gÃ¼zel ve kaliteli bir otel. Bisiklet turunu Ã¶zellikle tavsiye ediyorum. Odalar ve havuzlar Ã§ok iyi. BalayÄ± Ã§iftleri iÃ§in gayet uygun, yazÄ±lan her ÅŸey yapÄ±lÄ±yor. Animasyondan Tahsin Bey inanÄ±lmaz eÄŸlendiriyor.",5,Animasyondan Tahsin Bey inanÄ±lmaz eÄŸlendiriyor.,"['Staff', 'Entertainment']"
Sueno Hotels Deluxe Belek,"BalayÄ± iÃ§in kalmÄ±ÅŸ olduÄŸumuz bir haftalÄ±k sÃ¼rede deÄŸil problem, en ufak bir soru iÅŸaretimiz bile oluÅŸmadÄ±. Yemekler, servis, animasyon, oda temizliÄŸi, konfor, hepsi harikaydÄ±. Animasyondan SÄ±la HanÄ±m, lobi barda Cennet HanÄ±m, serviste Ä°lhan Bey iÅŸlerinin hakkÄ±nÄ± sonuna kadar veriyor.",5,"Yemekler, servis, animasyon, oda temizliÄŸi, konfor, hepsi harikaydÄ±.","['Food', 'Staff', 'Room', 'Cleanliness', 'Entertainment']"
Sueno Hotels Deluxe Belek,"BalayÄ± iÃ§in kalmÄ±ÅŸ olduÄŸumuz bir haftalÄ±k sÃ¼rede deÄŸil problem, en ufak bir soru iÅŸaretimiz bile oluÅŸmadÄ±. Yemekler, servis, animasyon, oda temizliÄŸi, konfor, hepsi harikaydÄ±. Animasyondan SÄ±la HanÄ±m, lobi barda Cennet HanÄ±m, serviste Ä°lhan Bey iÅŸlerinin hakkÄ±nÄ± sonuna kadar veriyor.",5,"Animasyondan SÄ±la HanÄ±m, lobi barda Cennet HanÄ±m, serviste Ä°lhan Bey iÅŸlerinin hakkÄ±nÄ± sonuna kadar veriyor.","['Staff', 'Entertainment']"
Trendy Lara,"Kalp cerrahisi kongresi iÃ§in geldiÄŸim otelde 3 gÃ¼zel gÃ¼n geÃ§irdim, Ã¶zellikle loby bar baÅŸta olmak Ã¼zere resepsiyon ve oda temizliÄŸinden Ã§ok memnun kaldÄ±m. Kongre sonrasÄ± yorgunluÄŸumuzu loby barâ€™Ä±n gÃ¼ler yÃ¼zlÃ¼ servis ekibi ile unuttuk. GÃ¼zel gÃ¼nlerde gÃ¶rÃ¼ÅŸmek Ã¼zere.",5,"Kalp cerrahisi kongresi iÃ§in geldiÄŸim otelde 3 gÃ¼zel gÃ¼n geÃ§irdim, Ã¶zellikle loby bar baÅŸta olmak Ã¼zere resepsiyon ve oda temizliÄŸinden Ã§ok memnun kaldÄ±m.","['Room', 'Cleanliness']"
Trendy Lara,"Kalp cerrahisi kongresi iÃ§in geldiÄŸim otelde 3 gÃ¼zel gÃ¼n geÃ§irdim, Ã¶zellikle loby bar baÅŸta olmak Ã¼zere resepsiyon ve oda temizliÄŸinden Ã§ok memnun kaldÄ±m. Kongre sonrasÄ± yorgunluÄŸumuzu loby barâ€™Ä±n gÃ¼ler yÃ¼zlÃ¼ servis ekibi ile unuttuk. GÃ¼zel gÃ¼nlerde gÃ¶rÃ¼ÅŸmek Ã¼zere.",5,Kongre sonrasÄ± yorgunluÄŸumuzu loby barâ€™Ä±n gÃ¼ler yÃ¼zlÃ¼ servis ekibi ile unuttuk.,['Staff']
Trendy Lara,"MÃ¼kemmel bir yer , her ÅŸey Ã§ok gÃ¼zeldi , hÄ±zlÄ± yerinde hizmet , severek ve beÄŸenerek konakladim, mutlu ve huzurlu bir kaÃ§ gÃ¼n geÃ§irdik, Ã§alÄ±ÅŸanlara ve iÅŸletmeye teÅŸekkÃ¼r ederiz, loby bar ve servis Ã§ok iyiydi ",5,"MÃ¼kemmel bir yer , her ÅŸey Ã§ok gÃ¼zeldi , hÄ±zlÄ± yerinde hizmet , severek ve beÄŸenerek konakladim, mutlu ve huzurlu bir kaÃ§ gÃ¼n geÃ§irdik, Ã§alÄ±ÅŸanlara ve iÅŸletmeye teÅŸekkÃ¼r ederiz, loby bar ve servis Ã§ok iyiydi",['Staff']
Trendy Lara,"Tatilimiz boyunca kÄ±zlarÄ±mÄ±z mini club sayesinde Ã§ok mutluydu.onlarÄ±n mutluluÄŸu bizim de mutlu ayrÄ±lmamÄ±zÄ± saÄŸlayacak.Mini club personellerine, Ã¶zellikle Ã‡imen hanÄ±ma, YaÄŸmur hanÄ±ma Ã§ok teÅŸekkÃ¼r ederim. VerdiÄŸiniz emek ve kÄ±zlarÄ±ma yaÅŸattÄ±ÄŸÄ±nÄ±z mutlu anlar iÃ§in Ã§ok teÅŸekkÃ¼rler ğŸ˜˜ baÅŸarÄ±larÄ±nÄ±zÄ±n devamÄ±nÄ± diliyorum.Tekrar gÃ¶rÃ¼ÅŸmek dileÄŸiyle ğŸ¥°",5,Tatilimiz boyunca kÄ±zlarÄ±mÄ±z mini club sayesinde Ã§ok mutluydu.onlarÄ±n mutluluÄŸu bizim de mutlu ayrÄ±lmamÄ±zÄ± saÄŸlayacak.,['Entertainment']
Trendy Lara,"Tatilimiz boyunca kÄ±zlarÄ±mÄ±z mini club sayesinde Ã§ok mutluydu.onlarÄ±n mutluluÄŸu bizim de mutlu ayrÄ±lmamÄ±zÄ± saÄŸlayacak.Mini club personellerine, Ã¶zellikle Ã‡imen hanÄ±ma, YaÄŸmur hanÄ±ma Ã§ok teÅŸekkÃ¼r ederim. VerdiÄŸiniz emek ve kÄ±zlarÄ±ma yaÅŸattÄ±ÄŸÄ±nÄ±z mutlu anlar iÃ§in Ã§ok teÅŸekkÃ¼rler ğŸ˜˜ baÅŸarÄ±larÄ±nÄ±zÄ±n devamÄ±nÄ± diliyorum.Tekrar gÃ¶rÃ¼ÅŸmek dileÄŸiyle ğŸ¥°",5,"Mini club personellerine, Ã¶zellikle Ã‡imen hanÄ±ma, YaÄŸmur hanÄ±ma Ã§ok teÅŸekkÃ¼r ederim.",['Staff']
Trendy Lara,"KasÄ±mda ziyaretinde bulunduÄŸum otelinizin karÅŸÄ±lamasÄ±,mutfak,animasyon,garson,bar,bÃ¼tÃ¼n ekibe Ã§ok teÅŸekkÃ¼r ederiz ayrÄ±ca bizimle ilgilenen mini club Ã§imen hanÄ±m ve garson Ramazan Oskay ve Ramazan BeÅŸat Ã§ok teÅŸekkÃ¼rler ederiz tekrar ziyaretinize gelicez",5,"KasÄ±mda ziyaretinde bulunduÄŸum otelinizin karÅŸÄ±lamasÄ±,mutfak,animasyon,garson,bar,bÃ¼tÃ¼n ekibe Ã§ok teÅŸekkÃ¼r ederiz ayrÄ±ca bizimle ilgilenen mini club Ã§imen hanÄ±m ve garson Ramazan Oskay ve Ramazan BeÅŸat Ã§ok teÅŸekkÃ¼rler ederiz tekrar ziyaretinize gelicez","['Staff', 'Entertainment']"
Trendy Lara,15 kasÄ±mda giriÅŸ yaptÄ±ÄŸÄ±mÄ± trendy lara otelinde animasyon ekibinden Ã‡imen HanÄ±mefendiye Ã§ok teÅŸekkÃ¼r ederiz mini clubÄ±n aktiviteleri gÃ¼zel ve faydalÄ±  ailecek trendy laraya tekrar gelme sebeblerimizden biri Ã‡imen hanÄ±m olucak. ğŸ™â€¦..,5,15 kasÄ±mda giriÅŸ yaptÄ±ÄŸÄ±mÄ± trendy lara otelinde animasyon ekibinden Ã‡imen HanÄ±mefendiye Ã§ok teÅŸekkÃ¼r ederiz mini clubÄ±n aktiviteleri gÃ¼zel ve faydalÄ±  ailecek trendy laraya tekrar gelme sebeblerimizden biri Ã‡imen hanÄ±m olucak.,"['Staff', 'Entertainment', 'Family']"
Long Beach Resorts,"Alanya'da konakladigim iyi otellerden diyebilirim havuzlar oldukÃ§a temiz yemekler Ã§eÅŸitli, etli Ã¼rÃ¼nler daha iyi olabilir ama geri kalanlar gayet gÃ¼zel ayrica personeller ( Ã¶zellikle snack bardaki Turgay bey ve restorant kÄ±smÄ±nda Ã–zgÃ¼r bey TuÄŸÃ§e hanÄ±m ve Hande hanÄ±m ) konakladigimiz sÃ¼re boyunca karÅŸÄ±laÅŸtÄ±ÄŸimiz tÃ¼m personel bizi memnun bÄ±raktÄ±. Tekrar tercih edilir teÅŸekkÃ¼rler.",4,"Alanya'da konakladigim iyi otellerden diyebilirim havuzlar oldukÃ§a temiz yemekler Ã§eÅŸitli, etli Ã¼rÃ¼nler daha iyi olabilir ama geri kalanlar gayet gÃ¼zel ayrica personeller ( Ã¶zellikle snack bardaki Turgay bey ve restorant kÄ±smÄ±nda Ã–zgÃ¼r bey TuÄŸÃ§e hanÄ±m ve Hande hanÄ±m ) konakladigimiz sÃ¼re boyunca karÅŸÄ±laÅŸtÄ±ÄŸimiz tÃ¼m personel bizi memnun bÄ±raktÄ±.","['Food', 'Staff', 'Cleanliness', 'Entertainment']"
Sueno Hotels Deluxe Belek,"Yaz ortasÄ± sÄ±caklar baÅŸlayÄ±p tam kalabalÄ±klaÅŸmadan ailecek sakin bir tatil geÃ§irmek istedik ve bunu herÅŸeyi ile bize saÄŸlayan Sueno otele Ã§ok teÅŸekkÃ¼r ederiz Ã¶nerir miyim ? Kesinlikle .. ğŸ‘ğŸ» odalar genis ve olabildigince ferah Denize bakan odalar mukemmel manzaraya Sahip, restoranlar 4 bolume ayrilmis ve her alan farkli dizaynda dosenmis hosumuza gitti, havuzlar zaten mÃ¼kemmeldi bu kadar bÃ¼yÃ¼k ve geniÅŸ havuza daha Ã¶nce bi otelde karÅŸÄ±laÅŸmadÄ±k,  Yemek cesitliligi GÃ¼zeldi fakat birkac Olumsuz durumla karsilastik oda aÅŸÃ§Ä±baÅŸÄ± oldugunu ogrendigimiz â€œrecai beyâ€in personele karÅŸÄ± hoÅŸ olmayan davranÄ±ÅŸlarÄ±ydÄ± en azÄ±ndan misafirlerin Ã¶nÃ¼nde bunu yapmamasÄ± gerektiÄŸi bilincinde olmalÄ±,  onun dÄ±ÅŸÄ±nda herÅŸey harikaydÄ± Ã¶zellikle poolda Ã§alÄ±ÅŸan â€œÃ‡aÄŸkan beyâ€e gÃ¼zel hizmeti ve sueno meydanÄ±nda biziÃ¶le ilgilenen garson ve havuz baÅŸÄ±nda bize servis yapan patenli arkadaÅŸlara, Ã§ok teÅŸekkÃ¼r ederiz, yaz sonu tekrar gelmeyi dÃ¼ÅŸÃ¼nÃ¼yoruz :) ",5,"Yaz ortasÄ± sÄ±caklar baÅŸlayÄ±p tam kalabalÄ±klaÅŸmadan ailecek sakin bir tatil geÃ§irmek istedik ve bunu herÅŸeyi ile bize saÄŸlayan Sueno otele Ã§ok teÅŸekkÃ¼r ederiz Ã¶nerir miyim ? Kesinlikle .. ğŸ‘ğŸ» odalar genis ve olabildigince ferah Denize bakan odalar mukemmel manzaraya Sahip, restoranlar 4 bolume ayrilmis ve her alan farkli dizaynda dosenmis hosumuza gitti, havuzlar zaten mÃ¼kemmeldi bu kadar bÃ¼yÃ¼k ve geniÅŸ havuza daha Ã¶nce bi otelde karÅŸÄ±laÅŸmadÄ±k,  Yemek cesitliligi GÃ¼zeldi fakat birkac Olumsuz durumla karsilastik oda aÅŸÃ§Ä±baÅŸÄ± oldugunu ogrendigimiz â€œrecai beyâ€in personele karÅŸÄ± hoÅŸ olmayan davranÄ±ÅŸlarÄ±ydÄ± en azÄ±ndan misafirlerin Ã¶nÃ¼nde bunu yapmamasÄ± gerektiÄŸi bilincinde olmalÄ±,  onun dÄ±ÅŸÄ±nda herÅŸey harikaydÄ± Ã¶zellikle poolda Ã§alÄ±ÅŸan â€œÃ‡aÄŸkan beyâ€e gÃ¼zel hizmeti ve sueno meydanÄ±nda biziÃ¶le ilgilenen garson ve havuz baÅŸÄ±nda bize servis yapan patenli arkadaÅŸlara, Ã§ok teÅŸekkÃ¼r ederiz, yaz sonu tekrar gelmeyi dÃ¼ÅŸÃ¼nÃ¼yoruz :)","['Food', 'Staff', 'Room', 'Entertainment', 'Family', 'Noise']"
Sueno Hotels Deluxe Belek,"Otele 2 yÄ±l Ã¶nce gelmiÅŸtik o dÃ¶nende aÅŸÄ±rÄ± kalabalÄ±k ve dÃ¼zen konusunda sÄ±kÄ±ntÄ±lar vardÄ± ama bu yÄ±l geldiÄŸimizde olumlu yÃ¶nden deÄŸiÅŸmeler farkettik, odalar tertemiz ve yemek konusunda bolca seÃ§ebek bulabilrsiniz misafir kalitesi bike deÄŸiÅŸmiÅŸ heleki bu dÃ¶nemde gelmenizi tavsiye ederiz bu yÄ±lki geliÅŸimizden Ã§ok memnun kaldÄ±k emeÄŸi geÃ§en herkese ve tatil boyunca bizlere hizmet eden pool bar ekibine (ismini hatÄ±rlayamadÄ±ÄŸÄ±m bar iÃ§inde Ã§alÄ±ÅŸan arkadaÅŸ) ve patenli tÃ¼m personellere teÅŸekkÃ¼r ederiz :) ",5,"Otele 2 yÄ±l Ã¶nce gelmiÅŸtik o dÃ¶nende aÅŸÄ±rÄ± kalabalÄ±k ve dÃ¼zen konusunda sÄ±kÄ±ntÄ±lar vardÄ± ama bu yÄ±l geldiÄŸimizde olumlu yÃ¶nden deÄŸiÅŸmeler farkettik, odalar tertemiz ve yemek konusunda bolca seÃ§ebek bulabilrsiniz misafir kalitesi bike deÄŸiÅŸmiÅŸ heleki bu dÃ¶nemde gelmenizi tavsiye ederiz bu yÄ±lki geliÅŸimizden Ã§ok memnun kaldÄ±k emeÄŸi geÃ§en herkese ve tatil boyunca bizlere hizmet eden pool bar ekibine (ismini hatÄ±rlayamadÄ±ÄŸÄ±m bar iÃ§inde Ã§alÄ±ÅŸan arkadaÅŸ) ve patenli tÃ¼m personellere teÅŸekkÃ¼r ederiz :)","['Food', 'Staff', 'Room', 'Cleanliness', 'Entertainment', 'Noise']"
Trendy Lara,"Ben  bu hotelin her herÅŸeyini beyendim
Ä°lk girdiÄŸimden Ã§ok guzel karÅŸiladilar yemekler harika ve personel Ã§ok iyi davrandÄ±lar
 bilhise yemek salonlarinda  garsonlar ve lobi bardaki bayan Ã§ok guzel iÄŸilendi
Kocam Ã§ok mennun  kaldi ve biz sÄ±k sÄ±k buraya gelmeÄŸi duÅŸunuyoruz",5,"Ben  bu hotelin her herÅŸeyini beyendim
Ä°lk girdiÄŸimden Ã§ok guzel karÅŸiladilar yemekler harika ve personel Ã§ok iyi davrandÄ±lar
 bilhise yemek salonlarinda  garsonlar ve lobi bardaki bayan Ã§ok guzel iÄŸilendi
Kocam Ã§ok mennun  kaldi ve biz sÄ±k sÄ±k buraya gelmeÄŸi duÅŸunuyoruz","['Food', 'Staff']"
Long Beach Resorts,GeÃ§en sene eÅŸim ile birlikte harika bir tatil geÃ§irdik personel Ã§ok ilgili yemekleri muhteÅŸem seneyi de tekrar dÃ¼ÅŸÃ¼nÃ¼yoruz long beach otel zinciri hepsi Ã§ok gÃ¼zel Ã§ok baÅŸarÄ±lÄ± herkese tavsiye ederiz teÅŸekkÃ¼rler long beach ailesi,5,GeÃ§en sene eÅŸim ile birlikte harika bir tatil geÃ§irdik personel Ã§ok ilgili yemekleri muhteÅŸem seneyi de tekrar dÃ¼ÅŸÃ¼nÃ¼yoruz long beach otel zinciri hepsi Ã§ok gÃ¼zel Ã§ok baÅŸarÄ±lÄ± herkese tavsiye ederiz teÅŸekkÃ¼rler long beach ailesi,"['Food', 'Staff', 'Family']"
Sueno Hotels Deluxe Belek,Sovlar cok guzeldi ve sila hanin bizi yonlendirdi aninasyondan sila hanin sabah ayri aktivite aksam ari sov cok mumnun kalfik gercekten yurekten tesekkur ediyorum bir daha gelmek uzere gorusmej uzer byyy,5,Sovlar cok guzeldi ve sila hanin bizi yonlendirdi aninasyondan sila hanin sabah ayri aktivite aksam ari sov cok mumnun kalfik gercekten yurekten tesekkur ediyorum bir daha gelmek uzere gorusmej uzer byyy,['Entertainment']
Sueno Hotels Deluxe Belek,Animasyon ekivibe hayran kaldij ozellikle sila hanimasovlar guzeldi baya eglendik               suenogercekteb muazzam iyiki gelmisiz yine geluruz tesekkur ediyorumherkese                  okeyyyyy okeyyyyy,5,Animasyon ekivibe hayran kaldij ozellikle sila hanimasovlar guzeldi baya eglendik               suenogercekteb muazzam iyiki gelmisiz yine geluruz tesekkur ediyorumherkese                  okeyyyyy okeyyyyy,"['Staff', 'Entertainment']"
Sueno Hotels Deluxe Belek,"Oteliniz Ã§ok gÃ¼zel ve temiz ayrÄ±ca animasyonlarÄ±nÄ±z da Ã§ok eÄŸlenceliydi. Ã–zellikle Tahsin e Ã§ok teÅŸekkÃ¼r ederiz,iyi vakit geÃ§irdik,yine tercih edeceÄŸimize emin olabilirsiniz.UmarÄ±m gelecek senede Tahsin abileri burada olur.",5,Oteliniz Ã§ok gÃ¼zel ve temiz ayrÄ±ca animasyonlarÄ±nÄ±z da Ã§ok eÄŸlenceliydi.,"['Staff', 'Cleanliness', 'Entertainment']"
Trendy Lara,"Kongre iÃ§in gittiÄŸim otelde yanÄ±mda ikiz bebeklerim ve annem de vardÄ±. Bebeklerimle ilk kez ÅŸehir dÄ±ÅŸÄ± konaklamamÄ±z olacaÄŸÄ± iÃ§in fazlasÄ±yla stresliydim ama oteldeki tÃ¼m personel arkadaÅŸlar bizi rahat ettirmek iÃ§in ellerinden geleni yaptÄ±lar. Biz de Ã§ok memnun olarak ayrÄ±ldÄ±k. Tek problem akÅŸam 21-23.30 arasÄ±nda olan ve katÄ±lmasanÄ±z bile odadan dinlemek zorunda kalacaÄŸÄ±nÄ±z malesef kalitesiz mÃ¼zik gerÃ§ekten Ã§ok kÃ¶tÃ¼ odaya dinlenmiÅŸ olmaya ya da uyumaya geÃ§meniz imkansÄ±z. Bari gÃ¼zel olsa da dinlesem diyorsunuz ama yok hele ki kareoke olduÄŸunu dÃ¼ÅŸÃ¼ndÃ¼ÄŸÃ¼m gece daha da felaketti. Bir de denize daha yakÄ±n olmasÄ± daha iyi olurdu baya uzak kalÄ±yor bir ihtiyacÄ±nÄ±z olsa odanÄ±za dÃ¶nmek Ã§ok zor. Lobby barda daha otele adÄ±mÄ±mÄ±zÄ± atar atmaz bizi gÃ¼ler yÃ¼zÃ¼yle karÅŸÄ±layan ve tÃ¼m tatilimiz boyunca kahvelerimize gÃ¼zel sohbetiyle eÅŸlik eden Melike hanÄ±ma Ã§ok teÅŸekkÃ¼r ederiz. Bebeklerim de artÄ±k onu gÃ¶rÃ¼r gÃ¶rmez gÃ¼lmeye baÅŸlamÄ±ÅŸlardÄ±, kendisini ilerde de bebeklerime mutlaka anlatacaÄŸÄ±m ğŸ¥° AyrÄ±ca restaurant bÃ¶lÃ¼mÃ¼nde BuÄŸra bey, Tanju bey ve Dilek hanÄ±m baÅŸta olmak Ã¼zere tÃ¼m Ã§alÄ±ÅŸanlara tekrar tekrar teÅŸekkÃ¼rler",4,Kongre iÃ§in gittiÄŸim otelde yanÄ±mda ikiz bebeklerim ve annem de vardÄ±.,['Family']
Trendy Lara,"Kongre iÃ§in gittiÄŸim otelde yanÄ±mda ikiz bebeklerim ve annem de vardÄ±. Bebeklerimle ilk kez ÅŸehir dÄ±ÅŸÄ± konaklamamÄ±z olacaÄŸÄ± iÃ§in fazlasÄ±yla stresliydim ama oteldeki tÃ¼m personel arkadaÅŸlar bizi rahat ettirmek iÃ§in ellerinden geleni yaptÄ±lar. Biz de Ã§ok memnun olarak ayrÄ±ldÄ±k. Tek problem akÅŸam 21-23.30 arasÄ±nda olan ve katÄ±lmasanÄ±z bile odadan dinlemek zorunda kalacaÄŸÄ±nÄ±z malesef kalitesiz mÃ¼zik gerÃ§ekten Ã§ok kÃ¶tÃ¼ odaya dinlenmiÅŸ olmaya ya da uyumaya geÃ§meniz imkansÄ±z. Bari gÃ¼zel olsa da dinlesem diyorsunuz ama yok hele ki kareoke olduÄŸunu dÃ¼ÅŸÃ¼ndÃ¼ÄŸÃ¼m gece daha da felaketti. Bir de denize daha yakÄ±n olmasÄ± daha iyi olurdu baya uzak kalÄ±yor bir ihtiyacÄ±nÄ±z olsa odanÄ±za dÃ¶nmek Ã§ok zor. Lobby barda daha otele adÄ±mÄ±mÄ±zÄ± atar atmaz bizi gÃ¼ler yÃ¼zÃ¼yle karÅŸÄ±layan ve tÃ¼m tatilimiz boyunca kahvelerimize gÃ¼zel sohbetiyle eÅŸlik eden Melike hanÄ±ma Ã§ok teÅŸekkÃ¼r ederiz. Bebeklerim de artÄ±k onu gÃ¶rÃ¼r gÃ¶rmez gÃ¼lmeye baÅŸlamÄ±ÅŸlardÄ±, kendisini ilerde de bebeklerime mutlaka anlatacaÄŸÄ±m ğŸ¥° AyrÄ±ca restaurant bÃ¶lÃ¼mÃ¼nde BuÄŸra bey, Tanju bey ve Dilek hanÄ±m baÅŸta olmak Ã¼zere tÃ¼m Ã§alÄ±ÅŸanlara tekrar tekrar teÅŸekkÃ¼rler",4,Bebeklerimle ilk kez ÅŸehir dÄ±ÅŸÄ± konaklamamÄ±z olacaÄŸÄ± iÃ§in fazlasÄ±yla stresliydim ama oteldeki tÃ¼m personel arkadaÅŸlar bizi rahat ettirmek iÃ§in ellerinden geleni yaptÄ±lar.,"['Staff', 'Location', 'Family']"
Trendy Lara,"Kongre iÃ§in gittiÄŸim otelde yanÄ±mda ikiz bebeklerim ve annem de vardÄ±. Bebeklerimle ilk kez ÅŸehir dÄ±ÅŸÄ± konaklamamÄ±z olacaÄŸÄ± iÃ§in fazlasÄ±yla stresliydim ama oteldeki tÃ¼m personel arkadaÅŸlar bizi rahat ettirmek iÃ§in ellerinden geleni yaptÄ±lar. Biz de Ã§ok memnun olarak ayrÄ±ldÄ±k. Tek problem akÅŸam 21-23.30 arasÄ±nda olan ve katÄ±lmasanÄ±z bile odadan dinlemek zorunda kalacaÄŸÄ±nÄ±z malesef kalitesiz mÃ¼zik gerÃ§ekten Ã§ok kÃ¶tÃ¼ odaya dinlenmiÅŸ olmaya ya da uyumaya geÃ§meniz imkansÄ±z. Bari gÃ¼zel olsa da dinlesem diyorsunuz ama yok hele ki kareoke olduÄŸunu dÃ¼ÅŸÃ¼ndÃ¼ÄŸÃ¼m gece daha da felaketti. Bir de denize daha yakÄ±n olmasÄ± daha iyi olurdu baya uzak kalÄ±yor bir ihtiyacÄ±nÄ±z olsa odanÄ±za dÃ¶nmek Ã§ok zor. Lobby barda daha otele adÄ±mÄ±mÄ±zÄ± atar atmaz bizi gÃ¼ler yÃ¼zÃ¼yle karÅŸÄ±layan ve tÃ¼m tatilimiz boyunca kahvelerimize gÃ¼zel sohbetiyle eÅŸlik eden Melike hanÄ±ma Ã§ok teÅŸekkÃ¼r ederiz. Bebeklerim de artÄ±k onu gÃ¶rÃ¼r gÃ¶rmez gÃ¼lmeye baÅŸlamÄ±ÅŸlardÄ±, kendisini ilerde de bebeklerime mutlaka anlatacaÄŸÄ±m ğŸ¥° AyrÄ±ca restaurant bÃ¶lÃ¼mÃ¼nde BuÄŸra bey, Tanju bey ve Dilek hanÄ±m baÅŸta olmak Ã¼zere tÃ¼m Ã§alÄ±ÅŸanlara tekrar tekrar teÅŸekkÃ¼rler",4,Tek problem akÅŸam 21-23.30 arasÄ±nda olan ve katÄ±lmasanÄ±z bile odadan dinlemek zorunda kalacaÄŸÄ±nÄ±z malesef kalitesiz mÃ¼zik gerÃ§ekten Ã§ok kÃ¶tÃ¼ odaya dinlenmiÅŸ olmaya ya da uyumaya geÃ§meniz imkansÄ±z.,"['Room', 'Entertainment']"
Trendy Lara,"Kongre iÃ§in gittiÄŸim otelde yanÄ±mda ikiz bebeklerim ve annem de vardÄ±. Bebeklerimle ilk kez ÅŸehir dÄ±ÅŸÄ± konaklamamÄ±z olacaÄŸÄ± iÃ§in fazlasÄ±yla stresliydim ama oteldeki tÃ¼m personel arkadaÅŸlar bizi rahat ettirmek iÃ§in ellerinden geleni yaptÄ±lar. Biz de Ã§ok memnun olarak ayrÄ±ldÄ±k. Tek problem akÅŸam 21-23.30 arasÄ±nda olan ve katÄ±lmasanÄ±z bile odadan dinlemek zorunda kalacaÄŸÄ±nÄ±z malesef kalitesiz mÃ¼zik gerÃ§ekten Ã§ok kÃ¶tÃ¼ odaya dinlenmiÅŸ olmaya ya da uyumaya geÃ§meniz imkansÄ±z. Bari gÃ¼zel olsa da dinlesem diyorsunuz ama yok hele ki kareoke olduÄŸunu dÃ¼ÅŸÃ¼ndÃ¼ÄŸÃ¼m gece daha da felaketti. Bir de denize daha yakÄ±n olmasÄ± daha iyi olurdu baya uzak kalÄ±yor bir ihtiyacÄ±nÄ±z olsa odanÄ±za dÃ¶nmek Ã§ok zor. Lobby barda daha otele adÄ±mÄ±mÄ±zÄ± atar atmaz bizi gÃ¼ler yÃ¼zÃ¼yle karÅŸÄ±layan ve tÃ¼m tatilimiz boyunca kahvelerimize gÃ¼zel sohbetiyle eÅŸlik eden Melike hanÄ±ma Ã§ok teÅŸekkÃ¼r ederiz. Bebeklerim de artÄ±k onu gÃ¶rÃ¼r gÃ¶rmez gÃ¼lmeye baÅŸlamÄ±ÅŸlardÄ±, kendisini ilerde de bebeklerime mutlaka anlatacaÄŸÄ±m ğŸ¥° AyrÄ±ca restaurant bÃ¶lÃ¼mÃ¼nde BuÄŸra bey, Tanju bey ve Dilek hanÄ±m baÅŸta olmak Ã¼zere tÃ¼m Ã§alÄ±ÅŸanlara tekrar tekrar teÅŸekkÃ¼rler",4,Bir de denize daha yakÄ±n olmasÄ± daha iyi olurdu baya uzak kalÄ±yor bir ihtiyacÄ±nÄ±z olsa odanÄ±za dÃ¶nmek Ã§ok zor.,['Room']
Trendy Lara,"Kongre iÃ§in gittiÄŸim otelde yanÄ±mda ikiz bebeklerim ve annem de vardÄ±. Bebeklerimle ilk kez ÅŸehir dÄ±ÅŸÄ± konaklamamÄ±z olacaÄŸÄ± iÃ§in fazlasÄ±yla stresliydim ama oteldeki tÃ¼m personel arkadaÅŸlar bizi rahat ettirmek iÃ§in ellerinden geleni yaptÄ±lar. Biz de Ã§ok memnun olarak ayrÄ±ldÄ±k. Tek problem akÅŸam 21-23.30 arasÄ±nda olan ve katÄ±lmasanÄ±z bile odadan dinlemek zorunda kalacaÄŸÄ±nÄ±z malesef kalitesiz mÃ¼zik gerÃ§ekten Ã§ok kÃ¶tÃ¼ odaya dinlenmiÅŸ olmaya ya da uyumaya geÃ§meniz imkansÄ±z. Bari gÃ¼zel olsa da dinlesem diyorsunuz ama yok hele ki kareoke olduÄŸunu dÃ¼ÅŸÃ¼ndÃ¼ÄŸÃ¼m gece daha da felaketti. Bir de denize daha yakÄ±n olmasÄ± daha iyi olurdu baya uzak kalÄ±yor bir ihtiyacÄ±nÄ±z olsa odanÄ±za dÃ¶nmek Ã§ok zor. Lobby barda daha otele adÄ±mÄ±mÄ±zÄ± atar atmaz bizi gÃ¼ler yÃ¼zÃ¼yle karÅŸÄ±layan ve tÃ¼m tatilimiz boyunca kahvelerimize gÃ¼zel sohbetiyle eÅŸlik eden Melike hanÄ±ma Ã§ok teÅŸekkÃ¼r ederiz. Bebeklerim de artÄ±k onu gÃ¶rÃ¼r gÃ¶rmez gÃ¼lmeye baÅŸlamÄ±ÅŸlardÄ±, kendisini ilerde de bebeklerime mutlaka anlatacaÄŸÄ±m ğŸ¥° AyrÄ±ca restaurant bÃ¶lÃ¼mÃ¼nde BuÄŸra bey, Tanju bey ve Dilek hanÄ±m baÅŸta olmak Ã¼zere tÃ¼m Ã§alÄ±ÅŸanlara tekrar tekrar teÅŸekkÃ¼rler",4,Lobby barda daha otele adÄ±mÄ±mÄ±zÄ± atar atmaz bizi gÃ¼ler yÃ¼zÃ¼yle karÅŸÄ±layan ve tÃ¼m tatilimiz boyunca kahvelerimize gÃ¼zel sohbetiyle eÅŸlik eden Melike hanÄ±ma Ã§ok teÅŸekkÃ¼r ederiz.,"['Staff', 'Entertainment']"
Trendy Lara,"Kongre iÃ§in gittiÄŸim otelde yanÄ±mda ikiz bebeklerim ve annem de vardÄ±. Bebeklerimle ilk kez ÅŸehir dÄ±ÅŸÄ± konaklamamÄ±z olacaÄŸÄ± iÃ§in fazlasÄ±yla stresliydim ama oteldeki tÃ¼m personel arkadaÅŸlar bizi rahat ettirmek iÃ§in ellerinden geleni yaptÄ±lar. Biz de Ã§ok memnun olarak ayrÄ±ldÄ±k. Tek problem akÅŸam 21-23.30 arasÄ±nda olan ve katÄ±lmasanÄ±z bile odadan dinlemek zorunda kalacaÄŸÄ±nÄ±z malesef kalitesiz mÃ¼zik gerÃ§ekten Ã§ok kÃ¶tÃ¼ odaya dinlenmiÅŸ olmaya ya da uyumaya geÃ§meniz imkansÄ±z. Bari gÃ¼zel olsa da dinlesem diyorsunuz ama yok hele ki kareoke olduÄŸunu dÃ¼ÅŸÃ¼ndÃ¼ÄŸÃ¼m gece daha da felaketti. Bir de denize daha yakÄ±n olmasÄ± daha iyi olurdu baya uzak kalÄ±yor bir ihtiyacÄ±nÄ±z olsa odanÄ±za dÃ¶nmek Ã§ok zor. Lobby barda daha otele adÄ±mÄ±mÄ±zÄ± atar atmaz bizi gÃ¼ler yÃ¼zÃ¼yle karÅŸÄ±layan ve tÃ¼m tatilimiz boyunca kahvelerimize gÃ¼zel sohbetiyle eÅŸlik eden Melike hanÄ±ma Ã§ok teÅŸekkÃ¼r ederiz. Bebeklerim de artÄ±k onu gÃ¶rÃ¼r gÃ¶rmez gÃ¼lmeye baÅŸlamÄ±ÅŸlardÄ±, kendisini ilerde de bebeklerime mutlaka anlatacaÄŸÄ±m ğŸ¥° AyrÄ±ca restaurant bÃ¶lÃ¼mÃ¼nde BuÄŸra bey, Tanju bey ve Dilek hanÄ±m baÅŸta olmak Ã¼zere tÃ¼m Ã§alÄ±ÅŸanlara tekrar tekrar teÅŸekkÃ¼rler",4,"Bebeklerim de artÄ±k onu gÃ¶rÃ¼r gÃ¶rmez gÃ¼lmeye baÅŸlamÄ±ÅŸlardÄ±, kendisini ilerde de bebeklerime mutlaka anlatacaÄŸÄ±m ğŸ¥° AyrÄ±ca restaurant bÃ¶lÃ¼mÃ¼nde BuÄŸra bey, Tanju bey ve Dilek hanÄ±m baÅŸta olmak Ã¼zere tÃ¼m Ã§alÄ±ÅŸanlara tekrar tekrar teÅŸekkÃ¼rler","['Staff', 'Family']"
Trendy Lara,"Sezon harici kasim ayinda kisa sure konaklamamizda beklentimizi fazlasiyla karsiladi. 
Sonbahar icin Yemek iyi, iÃ§ecekler ve  anismasyon orta...
Cocuklar icin ideal  mini clubda herkesten memnunduk ama Ã‡imen hanimin ekstra ilgisi ayrÄ±calÄ±klÄ± hissettirrdi...
Restaurant servisde Ugurcan beye de samiyetinden dolayÄ± teÅŸekkÃ¼rler...",4,"Sonbahar icin Yemek iyi, iÃ§ecekler ve  anismasyon orta...",['Food']
Trendy Lara,"Sezon harici kasim ayinda kisa sure konaklamamizda beklentimizi fazlasiyla karsiladi. 
Sonbahar icin Yemek iyi, iÃ§ecekler ve  anismasyon orta...
Cocuklar icin ideal  mini clubda herkesten memnunduk ama Ã‡imen hanimin ekstra ilgisi ayrÄ±calÄ±klÄ± hissettirrdi...
Restaurant servisde Ugurcan beye de samiyetinden dolayÄ± teÅŸekkÃ¼rler...",4,Cocuklar icin ideal  mini clubda herkesten memnunduk ama Ã‡imen hanimin ekstra ilgisi ayrÄ±calÄ±klÄ± hissettirrdi...,['Family']
Trendy Lara,Otele gelen cocuklu aileler iÃ§in gÃ¼zel faydalÄ± aktivitelerin olduÄŸu Ã§ok gÃ¼zel eÄŸlenceli bir yer...cocuk geliÅŸimlerine yÃ¶nelik saatli etkinlikleri bulunuyor...bu kÄ±sÄ±mda Ã§alÄ±ÅŸan gÃ¶revliler de Ã§ocuklarÄ± bÄ±rakma konusunda gÃ¼venimizi kazandÄ±lar rahatlÄ±kla Ã§ocuklarÄ±mÄ±zÄ±n eÄŸlenmesini olanak saÄŸlÄ±yorlar,5,Otele gelen cocuklu aileler iÃ§in gÃ¼zel faydalÄ± aktivitelerin olduÄŸu Ã§ok gÃ¼zel eÄŸlenceli bir yer...cocuk geliÅŸimlerine yÃ¶nelik saatli etkinlikleri bulunuyor...bu kÄ±sÄ±mda Ã§alÄ±ÅŸan gÃ¶revliler de Ã§ocuklarÄ± bÄ±rakma konusunda gÃ¼venimizi kazandÄ±lar rahatlÄ±kla Ã§ocuklarÄ±mÄ±zÄ±n eÄŸlenmesini olanak saÄŸlÄ±yorlar,"['Staff', 'Entertainment', 'Family']"
Trendy Lara,OÄŸlum kids clubdan hiÃ§ Ã§Ä±kmak istemedi her gÃ¼n kahvaltÄ±dan sonra kids cluba gidelim deyip duruyordu kids clubda sadece Ã§ocuklarÄ± oyalamaktan ziyade etkinlikler Ã§ocuklar iÃ§in faydalÄ± ve ilgi Ã§ekiciydi personel Ã§ok gÃ¼ler yÃ¼zlÃ¼ ve ilgiliydi tekrar teÅŸekkÃ¼rler,5,OÄŸlum kids clubdan hiÃ§ Ã§Ä±kmak istemedi her gÃ¼n kahvaltÄ±dan sonra kids cluba gidelim deyip duruyordu kids clubda sadece Ã§ocuklarÄ± oyalamaktan ziyade etkinlikler Ã§ocuklar iÃ§in faydalÄ± ve ilgi Ã§ekiciydi personel Ã§ok gÃ¼ler yÃ¼zlÃ¼ ve ilgiliydi tekrar teÅŸekkÃ¼rler,"['Food', 'Staff', 'Entertainment', 'Family']"
Long Beach Resorts,7 yÄ±ldÄ±r alanya bÃ¶lgesine tatile geliyorum ve ilk kez bu otelden keyif aldÄ±m animasyonu olsun yemekleri herÅŸey harika Ã§ocuklar iÃ§in mÃ¼kemel bir yer her gÃ¼n bambaÅŸka etkinlikler var sabit bir yere baglÄ± deÄŸiliz her yerde birÅŸey var animasyon ekibine zaten sÃ¶ylenilecek bi laf sÃ¶z konusu bile deÄŸil ilgi alakalarÄ± aktiviteleri partiler Ã§ok iyi onlarla beraber tekrar seneye burdayÄ±z,5,7 yÄ±ldÄ±r alanya bÃ¶lgesine tatile geliyorum ve ilk kez bu otelden keyif aldÄ±m animasyonu olsun yemekleri herÅŸey harika Ã§ocuklar iÃ§in mÃ¼kemel bir yer her gÃ¼n bambaÅŸka etkinlikler var sabit bir yere baglÄ± deÄŸiliz her yerde birÅŸey var animasyon ekibine zaten sÃ¶ylenilecek bi laf sÃ¶z konusu bile deÄŸil ilgi alakalarÄ± aktiviteleri partiler Ã§ok iyi onlarla beraber tekrar seneye burdayÄ±z,"['Food', 'Staff', 'Entertainment', 'Family']"
Sueno Hotels Deluxe Belek,"Hotel, havuz Ã§ok bÃ¼yÃ¼k ve gÃ¼zel, yemekleri gÃ¼zel, seÃ§im bÃ¼yÃ¼k, Ã¶zellikle animasyon Ã§ok iyi, dart oynadik, voleybol, pilates, animasiyon Sila ve GÃ¼ldana Ã§ok iyi, Ã§ok sevdik burayi, tavsiye ederizâ¤ï¸â¤ï¸â¤ï¸â¤ï¸",5,"Hotel, havuz Ã§ok bÃ¼yÃ¼k ve gÃ¼zel, yemekleri gÃ¼zel, seÃ§im bÃ¼yÃ¼k, Ã¶zellikle animasyon Ã§ok iyi, dart oynadik, voleybol, pilates, animasiyon Sila ve GÃ¼ldana Ã§ok iyi, Ã§ok sevdik burayi, tavsiye ederizâ¤ï¸â¤ï¸â¤ï¸â¤ï¸","['Food', 'Staff', 'Entertainment']"
Sueno Hotels Deluxe Belek,"Otel personeli cok ilgili ve gÃ¼ler yÃ¼zlÃ¼, yemekler cok lezzetli ve menÃ¼ fazlasiyla genis, gece animasyonu gayet yeterli ve eglenceli, oda da ve tesiste olan tÃ¼m alanlada temizlige dikkat ediliyor, tekrar gelmeyi dÃ¼sÃ¼nÃ¼yoruz tesekkÃ¼rler.",5,"Otel personeli cok ilgili ve gÃ¼ler yÃ¼zlÃ¼, yemekler cok lezzetli ve menÃ¼ fazlasiyla genis, gece animasyonu gayet yeterli ve eglenceli, oda da ve tesiste olan tÃ¼m alanlada temizlige dikkat ediliyor, tekrar gelmeyi dÃ¼sÃ¼nÃ¼yoruz tesekkÃ¼rler.","['Food', 'Staff', 'Room', 'Cleanliness', 'Entertainment']"
Trendy Lara,Loby bardaki arkadaÅŸlarÄ±n ilgi alakasÄ±na teÅŸekkÃ¼r ederiz.Ã–zellikle loby barda bizimle ilgilenen AyÅŸe hanÄ±ma teÅŸekkÃ¼rÃ¼ bir borÃ§ biliyoruz.yemeklerden Ã§ok memnun kaldÄ±m Ã§eÅŸitlilik ve lezzet ÄŸst seviyedeydi.,5,Ã–zellikle loby barda bizimle ilgilenen AyÅŸe hanÄ±ma teÅŸekkÃ¼rÃ¼ bir borÃ§ biliyoruz.yemeklerden Ã§ok memnun kaldÄ±m Ã§eÅŸitlilik ve lezzet ÄŸst seviyedeydi.,['Food']
Trendy Lara,En gÃ¼zel kongre deneyimim oldu. Yemekler Ã§ok gÃ¼zeldi animasyon sÃ¼perdi. AyrÄ±ca gÃ¼ler yÃ¼zlÃ¼ hizmetiyle AyÅŸe hanima da teÅŸekkÃ¼rlerimi iletmek istiyorum. Sonsuz teÅŸekkÃ¼rler .burasÄ± Ã§ok gÃ¼zel tekrar gelicem ve bÃ¼tÃ¼n tanÄ±dÄ±klarÄ±ma Ã¶nerecegim,5,Yemekler Ã§ok gÃ¼zeldi animasyon sÃ¼perdi.,"['Food', 'Staff', 'Entertainment']"
Trendy Lara,En gÃ¼zel kongre deneyimim oldu. Yemekler Ã§ok gÃ¼zeldi animasyon sÃ¼perdi. AyrÄ±ca gÃ¼ler yÃ¼zlÃ¼ hizmetiyle AyÅŸe hanima da teÅŸekkÃ¼rlerimi iletmek istiyorum. Sonsuz teÅŸekkÃ¼rler .burasÄ± Ã§ok gÃ¼zel tekrar gelicem ve bÃ¼tÃ¼n tanÄ±dÄ±klarÄ±ma Ã¶nerecegim,5,AyrÄ±ca gÃ¼ler yÃ¼zlÃ¼ hizmetiyle AyÅŸe hanima da teÅŸekkÃ¼rlerimi iletmek istiyorum.,['Staff']
Sueno Hotels Deluxe Belek,Animasyon ekibi Åahane Hakan bey olaÄŸan Ã¼stÃ¼ ilgisi iÃ§in TeÅŸkkÃ¼rler 3 yÄ±ldÄ±r geliyoruz Ã§ok memnunuz Ã§ok keyifli HerÅey showlar sezon olmamÄ±ÅŸsan raÄŸmen gayet baÅŸarÄ±lÄ± tatmin edici yiyecek iÃ§ecek servis her ÅŸey harika.  Mini kulÃ¼p HanÄ±m Nuray HanÄ±m gÃ¼ler yÃ¼zÃ¼ iÃ§in TeÅŸkkÃ¼rler.,5,Animasyon ekibi Åahane Hakan bey olaÄŸan Ã¼stÃ¼ ilgisi iÃ§in TeÅŸkkÃ¼rler 3 yÄ±ldÄ±r geliyoruz Ã§ok memnunuz Ã§ok keyifli HerÅey showlar sezon olmamÄ±ÅŸsan raÄŸmen gayet baÅŸarÄ±lÄ± tatmin edici yiyecek iÃ§ecek servis her ÅŸey harika.,"['Food', 'Staff', 'Entertainment']"
Sueno Hotels Deluxe Belek,Animasyon ekibi Åahane Hakan bey olaÄŸan Ã¼stÃ¼ ilgisi iÃ§in TeÅŸkkÃ¼rler 3 yÄ±ldÄ±r geliyoruz Ã§ok memnunuz Ã§ok keyifli HerÅey showlar sezon olmamÄ±ÅŸsan raÄŸmen gayet baÅŸarÄ±lÄ± tatmin edici yiyecek iÃ§ecek servis her ÅŸey harika.  Mini kulÃ¼p HanÄ±m Nuray HanÄ±m gÃ¼ler yÃ¼zÃ¼ iÃ§in TeÅŸkkÃ¼rler.,5,Mini kulÃ¼p HanÄ±m Nuray HanÄ±m gÃ¼ler yÃ¼zÃ¼ iÃ§in TeÅŸkkÃ¼rler.,['Staff']
Sueno Hotels Deluxe Belek,Animasyon ekibinin performansindan cok memnun kaldik have yagmurlu olmasina ragmen aktiviteler dolu dolu gecti gercekten Hakan beye ozellikle cok tesekkur ederim ilgileri icin sikilmamiz icin elinden geleni yapti animasyon ekibine bar ekibine be mini club calisanlarina cok tesekkur ederim,5,Animasyon ekibinin performansindan cok memnun kaldik have yagmurlu olmasina ragmen aktiviteler dolu dolu gecti gercekten Hakan beye ozellikle cok tesekkur ederim ilgileri icin sikilmamiz icin elinden geleni yapti animasyon ekibine bar ekibine be mini club calisanlarina cok tesekkur ederim,"['Staff', 'Entertainment']"
Trendy Lara,YÃ¼z estetik cerrahisi kongresi nedeniyle konakladÄ±ÄŸÄ±m sÃ¼rede lobi bar garsonu AyÅŸe hanÄ±m yakÄ±n ilgilisi ve otel GÃ¼ler yÃ¼zlÃ¼ Ã§alÄ±ÅŸlarÄ±n iÃ§in teÅŸekkÃ¼r ediyorum ve kalmamanÄ±zÄ± tavsiye ederim.GerÃ§ekten Ã§ok iyi bir hizmet veriliyor.,5,YÃ¼z estetik cerrahisi kongresi nedeniyle konakladÄ±ÄŸÄ±m sÃ¼rede lobi bar garsonu AyÅŸe hanÄ±m yakÄ±n ilgilisi ve otel GÃ¼ler yÃ¼zlÃ¼ Ã§alÄ±ÅŸlarÄ±n iÃ§in teÅŸekkÃ¼r ediyorum ve kalmamanÄ±zÄ± tavsiye ederim.,['Staff']
Trendy Lara,YÃ¼z estetik cerrahisi kongresi nedeniyle konakladÄ±ÄŸÄ±m sÃ¼rede lobi bar garsonu AyÅŸe hanÄ±m yakÄ±n ilgilisi ve otel GÃ¼ler yÃ¼zlÃ¼ Ã§alÄ±ÅŸlarÄ±n iÃ§in teÅŸekkÃ¼r ediyorum ve kalmamanÄ±zÄ± tavsiye ederim.GerÃ§ekten Ã§ok iyi bir hizmet veriliyor.,5,GerÃ§ekten Ã§ok iyi bir hizmet veriliyor.,['Staff']
Trendy Lara,TÄ±p kongresÄ± nedeniyle otelde konaklama yapmaktayÄ±m  aynÄ± zamanda kongreyÄ± dÃ¼zenleyen derneÄŸin yÃ¶netimi kurulu Ã¼yesiyim bu akÅŸam yÃ¶netim kurulu toplantÄ±sÄ±nda bize eÅŸlik eden personel garson AyÅŸe hanÄ±mÄ±n hizmetinden memnun kaldÄ±k teÅŸekkÃ¼r ederiz ğŸ™,5,TÄ±p kongresÄ± nedeniyle otelde konaklama yapmaktayÄ±m  aynÄ± zamanda kongreyÄ± dÃ¼zenleyen derneÄŸin yÃ¶netimi kurulu Ã¼yesiyim bu akÅŸam yÃ¶netim kurulu toplantÄ±sÄ±nda bize eÅŸlik eden personel garson AyÅŸe hanÄ±mÄ±n hizmetinden memnun kaldÄ±k teÅŸekkÃ¼r ederiz ğŸ™,"['Staff', 'Cleanliness']"
Long Beach Resorts,Merhabalar Ã¶ncelikle harika bir Ã¶tesi bir otel Ã¶ncelikle otelin pastane bÃ¶lÃ¼mÃ¼ ile ilgili yorum yapmak istiyorum Ã§alÄ±ÅŸanlarÄ±n hepsini peÃ§ete ye not almÄ±ÅŸtÄ±m ama peceteyi kaybettim tek aklÄ±mda kalan isim GÃ¼lay hanÄ±m pastane Ã§ok temiz tÃ¼m Ã§alÄ±ÅŸanlar ÅŸefleri son derece ilgili Ã§ok yoÄŸun bir dÃ¶nemde orda olmamÄ±za raÄŸmen hepsi Ã§ok ilgiliydi kahveleri pastalarÄ± enfes gÃ¼zeldi burdan pastane bÃ¶lÃ¼mÃ¼nde Ã§alÄ±ÅŸan tÃ¼m personele teÅŸekkÃ¼r ederim. Gelelim otele tam bir aile oteli Ã¶zellikle Ã§ocuklar iÃ§in Ã§ok fazla imkan var luna park mini club havuzlar animasyon Ã§ok iyiydi. Ã‡ok hijyenik tertemiz bir otel yemekleri Ã§ok gÃ¼zel Ã§eÅŸit bol ve temizdi aÃ§ kaldÄ±m kimse diyemez. EÅŸimin doÄŸum gÃ¼nÃ¼ iÃ§in ona Ã¶zel pasta yapÄ±p akÅŸam restoranda Ã¶zel masa hazÄ±rlamÄ±ÅŸlardÄ± Ã¼cretsiz Ã§ok gÃ¼zel bir jestti ayrÄ±ca restoran da bizimle ilgilenen Ufuk beye cok teÅŸekkÃ¼rler. Tekrar gitmek istediÄŸim bir otel herkese tavsiye ederim. Tek bir eksi yÃ¶nÃ¼ var o da otelle ilgili deÄŸil oyun salonu iÅŸletmesi Ã¼cretli bowling makineli oyunlarÄ±n olduÄŸu bir yer 5 Euro bir jeton TÃ¼rklere 30 TL yabanciya 5 lira gibi olan bir rakam bize niye o kadr fazla zaten otel yabancÄ± aÄŸÄ±rlÄ±klÄ± hiÃ§ degilse TÃ¼rklere jeton 10 TL olsa ğŸ™‚,5,Merhabalar Ã¶ncelikle harika bir Ã¶tesi bir otel Ã¶ncelikle otelin pastane bÃ¶lÃ¼mÃ¼ ile ilgili yorum yapmak istiyorum Ã§alÄ±ÅŸanlarÄ±n hepsini peÃ§ete ye not almÄ±ÅŸtÄ±m ama peceteyi kaybettim tek aklÄ±mda kalan isim GÃ¼lay hanÄ±m pastane Ã§ok temiz tÃ¼m Ã§alÄ±ÅŸanlar ÅŸefleri son derece ilgili Ã§ok yoÄŸun bir dÃ¶nemde orda olmamÄ±za raÄŸmen hepsi Ã§ok ilgiliydi kahveleri pastalarÄ± enfes gÃ¼zeldi burdan pastane bÃ¶lÃ¼mÃ¼nde Ã§alÄ±ÅŸan tÃ¼m personele teÅŸekkÃ¼r ederim.,"['Staff', 'Cleanliness']"
Long Beach Resorts,Merhabalar Ã¶ncelikle harika bir Ã¶tesi bir otel Ã¶ncelikle otelin pastane bÃ¶lÃ¼mÃ¼ ile ilgili yorum yapmak istiyorum Ã§alÄ±ÅŸanlarÄ±n hepsini peÃ§ete ye not almÄ±ÅŸtÄ±m ama peceteyi kaybettim tek aklÄ±mda kalan isim GÃ¼lay hanÄ±m pastane Ã§ok temiz tÃ¼m Ã§alÄ±ÅŸanlar ÅŸefleri son derece ilgili Ã§ok yoÄŸun bir dÃ¶nemde orda olmamÄ±za raÄŸmen hepsi Ã§ok ilgiliydi kahveleri pastalarÄ± enfes gÃ¼zeldi burdan pastane bÃ¶lÃ¼mÃ¼nde Ã§alÄ±ÅŸan tÃ¼m personele teÅŸekkÃ¼r ederim. Gelelim otele tam bir aile oteli Ã¶zellikle Ã§ocuklar iÃ§in Ã§ok fazla imkan var luna park mini club havuzlar animasyon Ã§ok iyiydi. Ã‡ok hijyenik tertemiz bir otel yemekleri Ã§ok gÃ¼zel Ã§eÅŸit bol ve temizdi aÃ§ kaldÄ±m kimse diyemez. EÅŸimin doÄŸum gÃ¼nÃ¼ iÃ§in ona Ã¶zel pasta yapÄ±p akÅŸam restoranda Ã¶zel masa hazÄ±rlamÄ±ÅŸlardÄ± Ã¼cretsiz Ã§ok gÃ¼zel bir jestti ayrÄ±ca restoran da bizimle ilgilenen Ufuk beye cok teÅŸekkÃ¼rler. Tekrar gitmek istediÄŸim bir otel herkese tavsiye ederim. Tek bir eksi yÃ¶nÃ¼ var o da otelle ilgili deÄŸil oyun salonu iÅŸletmesi Ã¼cretli bowling makineli oyunlarÄ±n olduÄŸu bir yer 5 Euro bir jeton TÃ¼rklere 30 TL yabanciya 5 lira gibi olan bir rakam bize niye o kadr fazla zaten otel yabancÄ± aÄŸÄ±rlÄ±klÄ± hiÃ§ degilse TÃ¼rklere jeton 10 TL olsa ğŸ™‚,5,Gelelim otele tam bir aile oteli Ã¶zellikle Ã§ocuklar iÃ§in Ã§ok fazla imkan var luna park mini club havuzlar animasyon Ã§ok iyiydi.,"['Staff', 'Entertainment', 'Family']"
Long Beach Resorts,Merhabalar Ã¶ncelikle harika bir Ã¶tesi bir otel Ã¶ncelikle otelin pastane bÃ¶lÃ¼mÃ¼ ile ilgili yorum yapmak istiyorum Ã§alÄ±ÅŸanlarÄ±n hepsini peÃ§ete ye not almÄ±ÅŸtÄ±m ama peceteyi kaybettim tek aklÄ±mda kalan isim GÃ¼lay hanÄ±m pastane Ã§ok temiz tÃ¼m Ã§alÄ±ÅŸanlar ÅŸefleri son derece ilgili Ã§ok yoÄŸun bir dÃ¶nemde orda olmamÄ±za raÄŸmen hepsi Ã§ok ilgiliydi kahveleri pastalarÄ± enfes gÃ¼zeldi burdan pastane bÃ¶lÃ¼mÃ¼nde Ã§alÄ±ÅŸan tÃ¼m personele teÅŸekkÃ¼r ederim. Gelelim otele tam bir aile oteli Ã¶zellikle Ã§ocuklar iÃ§in Ã§ok fazla imkan var luna park mini club havuzlar animasyon Ã§ok iyiydi. Ã‡ok hijyenik tertemiz bir otel yemekleri Ã§ok gÃ¼zel Ã§eÅŸit bol ve temizdi aÃ§ kaldÄ±m kimse diyemez. EÅŸimin doÄŸum gÃ¼nÃ¼ iÃ§in ona Ã¶zel pasta yapÄ±p akÅŸam restoranda Ã¶zel masa hazÄ±rlamÄ±ÅŸlardÄ± Ã¼cretsiz Ã§ok gÃ¼zel bir jestti ayrÄ±ca restoran da bizimle ilgilenen Ufuk beye cok teÅŸekkÃ¼rler. Tekrar gitmek istediÄŸim bir otel herkese tavsiye ederim. Tek bir eksi yÃ¶nÃ¼ var o da otelle ilgili deÄŸil oyun salonu iÅŸletmesi Ã¼cretli bowling makineli oyunlarÄ±n olduÄŸu bir yer 5 Euro bir jeton TÃ¼rklere 30 TL yabanciya 5 lira gibi olan bir rakam bize niye o kadr fazla zaten otel yabancÄ± aÄŸÄ±rlÄ±klÄ± hiÃ§ degilse TÃ¼rklere jeton 10 TL olsa ğŸ™‚,5,Ã‡ok hijyenik tertemiz bir otel yemekleri Ã§ok gÃ¼zel Ã§eÅŸit bol ve temizdi aÃ§ kaldÄ±m kimse diyemez.,"['Food', 'Cleanliness']"
Long Beach Resorts,Merhabalar Ã¶ncelikle harika bir Ã¶tesi bir otel Ã¶ncelikle otelin pastane bÃ¶lÃ¼mÃ¼ ile ilgili yorum yapmak istiyorum Ã§alÄ±ÅŸanlarÄ±n hepsini peÃ§ete ye not almÄ±ÅŸtÄ±m ama peceteyi kaybettim tek aklÄ±mda kalan isim GÃ¼lay hanÄ±m pastane Ã§ok temiz tÃ¼m Ã§alÄ±ÅŸanlar ÅŸefleri son derece ilgili Ã§ok yoÄŸun bir dÃ¶nemde orda olmamÄ±za raÄŸmen hepsi Ã§ok ilgiliydi kahveleri pastalarÄ± enfes gÃ¼zeldi burdan pastane bÃ¶lÃ¼mÃ¼nde Ã§alÄ±ÅŸan tÃ¼m personele teÅŸekkÃ¼r ederim. Gelelim otele tam bir aile oteli Ã¶zellikle Ã§ocuklar iÃ§in Ã§ok fazla imkan var luna park mini club havuzlar animasyon Ã§ok iyiydi. Ã‡ok hijyenik tertemiz bir otel yemekleri Ã§ok gÃ¼zel Ã§eÅŸit bol ve temizdi aÃ§ kaldÄ±m kimse diyemez. EÅŸimin doÄŸum gÃ¼nÃ¼ iÃ§in ona Ã¶zel pasta yapÄ±p akÅŸam restoranda Ã¶zel masa hazÄ±rlamÄ±ÅŸlardÄ± Ã¼cretsiz Ã§ok gÃ¼zel bir jestti ayrÄ±ca restoran da bizimle ilgilenen Ufuk beye cok teÅŸekkÃ¼rler. Tekrar gitmek istediÄŸim bir otel herkese tavsiye ederim. Tek bir eksi yÃ¶nÃ¼ var o da otelle ilgili deÄŸil oyun salonu iÅŸletmesi Ã¼cretli bowling makineli oyunlarÄ±n olduÄŸu bir yer 5 Euro bir jeton TÃ¼rklere 30 TL yabanciya 5 lira gibi olan bir rakam bize niye o kadr fazla zaten otel yabancÄ± aÄŸÄ±rlÄ±klÄ± hiÃ§ degilse TÃ¼rklere jeton 10 TL olsa ğŸ™‚,5,EÅŸimin doÄŸum gÃ¼nÃ¼ iÃ§in ona Ã¶zel pasta yapÄ±p akÅŸam restoranda Ã¶zel masa hazÄ±rlamÄ±ÅŸlardÄ± Ã¼cretsiz Ã§ok gÃ¼zel bir jestti ayrÄ±ca restoran da bizimle ilgilenen Ufuk beye cok teÅŸekkÃ¼rler.,['Food']
Long Beach Resorts,Merhabalar Ã¶ncelikle harika bir Ã¶tesi bir otel Ã¶ncelikle otelin pastane bÃ¶lÃ¼mÃ¼ ile ilgili yorum yapmak istiyorum Ã§alÄ±ÅŸanlarÄ±n hepsini peÃ§ete ye not almÄ±ÅŸtÄ±m ama peceteyi kaybettim tek aklÄ±mda kalan isim GÃ¼lay hanÄ±m pastane Ã§ok temiz tÃ¼m Ã§alÄ±ÅŸanlar ÅŸefleri son derece ilgili Ã§ok yoÄŸun bir dÃ¶nemde orda olmamÄ±za raÄŸmen hepsi Ã§ok ilgiliydi kahveleri pastalarÄ± enfes gÃ¼zeldi burdan pastane bÃ¶lÃ¼mÃ¼nde Ã§alÄ±ÅŸan tÃ¼m personele teÅŸekkÃ¼r ederim. Gelelim otele tam bir aile oteli Ã¶zellikle Ã§ocuklar iÃ§in Ã§ok fazla imkan var luna park mini club havuzlar animasyon Ã§ok iyiydi. Ã‡ok hijyenik tertemiz bir otel yemekleri Ã§ok gÃ¼zel Ã§eÅŸit bol ve temizdi aÃ§ kaldÄ±m kimse diyemez. EÅŸimin doÄŸum gÃ¼nÃ¼ iÃ§in ona Ã¶zel pasta yapÄ±p akÅŸam restoranda Ã¶zel masa hazÄ±rlamÄ±ÅŸlardÄ± Ã¼cretsiz Ã§ok gÃ¼zel bir jestti ayrÄ±ca restoran da bizimle ilgilenen Ufuk beye cok teÅŸekkÃ¼rler. Tekrar gitmek istediÄŸim bir otel herkese tavsiye ederim. Tek bir eksi yÃ¶nÃ¼ var o da otelle ilgili deÄŸil oyun salonu iÅŸletmesi Ã¼cretli bowling makineli oyunlarÄ±n olduÄŸu bir yer 5 Euro bir jeton TÃ¼rklere 30 TL yabanciya 5 lira gibi olan bir rakam bize niye o kadr fazla zaten otel yabancÄ± aÄŸÄ±rlÄ±klÄ± hiÃ§ degilse TÃ¼rklere jeton 10 TL olsa ğŸ™‚,5,Tek bir eksi yÃ¶nÃ¼ var o da otelle ilgili deÄŸil oyun salonu iÅŸletmesi Ã¼cretli bowling makineli oyunlarÄ±n olduÄŸu bir yer 5 Euro bir jeton TÃ¼rklere 30 TL yabanciya 5 lira gibi olan bir rakam bize niye o kadr fazla zaten otel yabancÄ± aÄŸÄ±rlÄ±klÄ± hiÃ§ degilse TÃ¼rklere jeton 10 TL olsa ğŸ™‚,"['Staff', 'Entertainment']"
Long Beach Resorts,"Yemekler aÃ§Ä±k ara Ã§ok iyi. Ã‡eÅŸit bol. havuz var, Ä±sÄ±tmalÄ± olanlar Ã§ocuklar iÃ§in ideal. Otel Ã§ocuk oteli ve tam bir aile oteli. Bi kere lunapark var ve Ã¼cretsiz. GÃ¼ler yÃ¼zlÃ¼ lunapark Ã§alÄ±ÅŸanlarÄ±na ve bol eÄŸlenceli animasyon ekibine  teÅŸekkÃ¼rler.",5,Yemekler aÃ§Ä±k ara Ã§ok iyi.,['Food']
Long Beach Resorts,"Yemekler aÃ§Ä±k ara Ã§ok iyi. Ã‡eÅŸit bol. havuz var, Ä±sÄ±tmalÄ± olanlar Ã§ocuklar iÃ§in ideal. Otel Ã§ocuk oteli ve tam bir aile oteli. Bi kere lunapark var ve Ã¼cretsiz. GÃ¼ler yÃ¼zlÃ¼ lunapark Ã§alÄ±ÅŸanlarÄ±na ve bol eÄŸlenceli animasyon ekibine  teÅŸekkÃ¼rler.",5,"Ã‡eÅŸit bol. havuz var, Ä±sÄ±tmalÄ± olanlar Ã§ocuklar iÃ§in ideal.","['Entertainment', 'Family']"
Long Beach Resorts,"Yemekler aÃ§Ä±k ara Ã§ok iyi. Ã‡eÅŸit bol. havuz var, Ä±sÄ±tmalÄ± olanlar Ã§ocuklar iÃ§in ideal. Otel Ã§ocuk oteli ve tam bir aile oteli. Bi kere lunapark var ve Ã¼cretsiz. GÃ¼ler yÃ¼zlÃ¼ lunapark Ã§alÄ±ÅŸanlarÄ±na ve bol eÄŸlenceli animasyon ekibine  teÅŸekkÃ¼rler.",5,Otel Ã§ocuk oteli ve tam bir aile oteli.,['Family']
Long Beach Resorts,"Yemekler aÃ§Ä±k ara Ã§ok iyi. Ã‡eÅŸit bol. havuz var, Ä±sÄ±tmalÄ± olanlar Ã§ocuklar iÃ§in ideal. Otel Ã§ocuk oteli ve tam bir aile oteli. Bi kere lunapark var ve Ã¼cretsiz. GÃ¼ler yÃ¼zlÃ¼ lunapark Ã§alÄ±ÅŸanlarÄ±na ve bol eÄŸlenceli animasyon ekibine  teÅŸekkÃ¼rler.",5,GÃ¼ler yÃ¼zlÃ¼ lunapark Ã§alÄ±ÅŸanlarÄ±na ve bol eÄŸlenceli animasyon ekibine  teÅŸekkÃ¼rler.,"['Staff', 'Entertainment']"
Long Beach Resorts,"Ã‡ocuklu aileler icin inanilmaz baÅŸarÄ±lÄ± bir otel. Cocuklar icin aktiviteler, animasyon ekibi , isitmali havuz ve aqua parklarÄ±, mukemmel. Konum cok iyi. Nisan ayi olmasina ragmen yaz konsepti yasadik. Yemekler cok cesitli ve guzeldi. Ã‡alÄ±ÅŸanlar cok ilgili ve saygÄ±lÄ±. Sonsuz yildiz veriyorum.  Cok guzel geÃ§ti tatilimiz",5,Ã‡ocuklu aileler icin inanilmaz baÅŸarÄ±lÄ± bir otel.,['Family']
Long Beach Resorts,"Ã‡ocuklu aileler icin inanilmaz baÅŸarÄ±lÄ± bir otel. Cocuklar icin aktiviteler, animasyon ekibi , isitmali havuz ve aqua parklarÄ±, mukemmel. Konum cok iyi. Nisan ayi olmasina ragmen yaz konsepti yasadik. Yemekler cok cesitli ve guzeldi. Ã‡alÄ±ÅŸanlar cok ilgili ve saygÄ±lÄ±. Sonsuz yildiz veriyorum.  Cok guzel geÃ§ti tatilimiz",5,"Cocuklar icin aktiviteler, animasyon ekibi , isitmali havuz ve aqua parklarÄ±, mukemmel.","['Staff', 'Entertainment', 'Family']"
Long Beach Resorts,"Ã‡ocuklu aileler icin inanilmaz baÅŸarÄ±lÄ± bir otel. Cocuklar icin aktiviteler, animasyon ekibi , isitmali havuz ve aqua parklarÄ±, mukemmel. Konum cok iyi. Nisan ayi olmasina ragmen yaz konsepti yasadik. Yemekler cok cesitli ve guzeldi. Ã‡alÄ±ÅŸanlar cok ilgili ve saygÄ±lÄ±. Sonsuz yildiz veriyorum.  Cok guzel geÃ§ti tatilimiz",5,Konum cok iyi.,['Location']
Long Beach Resorts,"Ã‡ocuklu aileler icin inanilmaz baÅŸarÄ±lÄ± bir otel. Cocuklar icin aktiviteler, animasyon ekibi , isitmali havuz ve aqua parklarÄ±, mukemmel. Konum cok iyi. Nisan ayi olmasina ragmen yaz konsepti yasadik. Yemekler cok cesitli ve guzeldi. Ã‡alÄ±ÅŸanlar cok ilgili ve saygÄ±lÄ±. Sonsuz yildiz veriyorum.  Cok guzel geÃ§ti tatilimiz",5,Yemekler cok cesitli ve guzeldi.,['Food']
Long Beach Resorts,"Ã‡ocuklu aileler icin inanilmaz baÅŸarÄ±lÄ± bir otel. Cocuklar icin aktiviteler, animasyon ekibi , isitmali havuz ve aqua parklarÄ±, mukemmel. Konum cok iyi. Nisan ayi olmasina ragmen yaz konsepti yasadik. Yemekler cok cesitli ve guzeldi. Ã‡alÄ±ÅŸanlar cok ilgili ve saygÄ±lÄ±. Sonsuz yildiz veriyorum.  Cok guzel geÃ§ti tatilimiz",5,Ã‡alÄ±ÅŸanlar cok ilgili ve saygÄ±lÄ±.,['Staff']
Sueno Hotels Deluxe Belek,Suwon otel gercekten muazzam biz cok eglensik arkadaslariminda eglensigini dusunuyorum ozelliklw animasyon ekibi cok iyi sila hanim bizimle cok ilgilendi cok tesekkur ediyoruz bir daha silayla gorusmek uzere,5,Suwon otel gercekten muazzam biz cok eglensik arkadaslariminda eglensigini dusunuyorum ozelliklw animasyon ekibi cok iyi sila hanim bizimle cok ilgilendi cok tesekkur ediyoruz bir daha silayla gorusmek uzere,"['Staff', 'Entertainment']"
Trendy Lara,HerÅŸey Ã§ok k guzeldi karÅŸÄ±lama servÄ±s Ä±lgÄ± alaka cok guzeldi Ã§alÄ±ÅŸanlar oldukÃ§a gÃ¼ler yÃ¼zlÃ¼ iyi bir tatil iÃ§in dinlemek iÃ§in gayet baÅŸarÄ±lÄ± lobi bar da ayÅŸe hanÄ±m Ã§ok ilgiliydi herÅŸey iÃ§in teÅŸekkÃ¼rler,5,HerÅŸey Ã§ok k guzeldi karÅŸÄ±lama servÄ±s Ä±lgÄ± alaka cok guzeldi Ã§alÄ±ÅŸanlar oldukÃ§a gÃ¼ler yÃ¼zlÃ¼ iyi bir tatil iÃ§in dinlemek iÃ§in gayet baÅŸarÄ±lÄ± lobi bar da ayÅŸe hanÄ±m Ã§ok ilgiliydi herÅŸey iÃ§in teÅŸekkÃ¼rler,['Staff']
Trendy Lara,Ä°Ã§ hast kongre iÃ§in geldim. Otelden gayet memnun kaldÄ±m. Personel Ã§ok ilgili ve gÃ¼ler yÃ¼zlÃ¼ . Bilhassa yemeklerin lezzet ve Ã§eÅŸitliliÄŸi mÃ¼kemmel.Restaurant ve bar servÄ±sÄ± Ã§ok iyi hÄ±zlÄ± lobby AyÅŸe hanÄ±mdan ve necdet beyden memnun kaldÄ±k ğŸ˜Š,5,Personel Ã§ok ilgili ve gÃ¼ler yÃ¼zlÃ¼ .,['Staff']
Trendy Lara,Ä°Ã§ hast kongre iÃ§in geldim. Otelden gayet memnun kaldÄ±m. Personel Ã§ok ilgili ve gÃ¼ler yÃ¼zlÃ¼ . Bilhassa yemeklerin lezzet ve Ã§eÅŸitliliÄŸi mÃ¼kemmel.Restaurant ve bar servÄ±sÄ± Ã§ok iyi hÄ±zlÄ± lobby AyÅŸe hanÄ±mdan ve necdet beyden memnun kaldÄ±k ğŸ˜Š,5,Bilhassa yemeklerin lezzet ve Ã§eÅŸitliliÄŸi mÃ¼kemmel.,['Food']
Trendy Lara,"Ferah odalarÄ±, zengin mutfaÄŸÄ±, cÃ¶mert ikramlarÄ± ve yerli yabancÄ± turist ayrÄ±mÄ± yapmayan cana yakÄ±n personeli ile kÄ±sa sÃ¼reli eÄŸitim konaklamamÄ±zda gerÃ§ekten Ã§ok memnun kaldÄ±m. Gerek restoran gerek diÄŸer bÃ¶lÃ¼mlerde bize her konuda yardÄ±mcÄ± olan ve gÃ¼ler yÃ¼zÃ¼nÃ¼ hiÃ§ eksik etmeyen AyÅŸe DÃ¶nÃ¼k hanÄ±mefendiye ayrÄ±ca teÅŸekkÃ¼r etmek isterim. Bu bÃ¶lge iÃ§in bir tatil planÄ±nÄ±z varsa Trendy Lara kesinlikle seÃ§enekleriniz arasÄ±nda olmalÄ±.",5,"Ferah odalarÄ±, zengin mutfaÄŸÄ±, cÃ¶mert ikramlarÄ± ve yerli yabancÄ± turist ayrÄ±mÄ± yapmayan cana yakÄ±n personeli ile kÄ±sa sÃ¼reli eÄŸitim konaklamamÄ±zda gerÃ§ekten Ã§ok memnun kaldÄ±m.","['Staff', 'Room']"
Trendy Lara,"Ferah odalarÄ±, zengin mutfaÄŸÄ±, cÃ¶mert ikramlarÄ± ve yerli yabancÄ± turist ayrÄ±mÄ± yapmayan cana yakÄ±n personeli ile kÄ±sa sÃ¼reli eÄŸitim konaklamamÄ±zda gerÃ§ekten Ã§ok memnun kaldÄ±m. Gerek restoran gerek diÄŸer bÃ¶lÃ¼mlerde bize her konuda yardÄ±mcÄ± olan ve gÃ¼ler yÃ¼zÃ¼nÃ¼ hiÃ§ eksik etmeyen AyÅŸe DÃ¶nÃ¼k hanÄ±mefendiye ayrÄ±ca teÅŸekkÃ¼r etmek isterim. Bu bÃ¶lge iÃ§in bir tatil planÄ±nÄ±z varsa Trendy Lara kesinlikle seÃ§enekleriniz arasÄ±nda olmalÄ±.",5,Gerek restoran gerek diÄŸer bÃ¶lÃ¼mlerde bize her konuda yardÄ±mcÄ± olan ve gÃ¼ler yÃ¼zÃ¼nÃ¼ hiÃ§ eksik etmeyen AyÅŸe DÃ¶nÃ¼k hanÄ±mefendiye ayrÄ±ca teÅŸekkÃ¼r etmek isterim.,"['Food', 'Staff']"
Sueno Hotels Deluxe Belek,"DoÄŸal afetten dolayÄ± boÅŸ otel bulmakta zorlanmÄ±ÅŸtÄ±k ÅŸans eseri bu gÃ¼zel seÃ§imi yaptÄ±k; iyiki de gelmiÅŸiz dedik, otel konsept olarak gerÃ§ekten Ã§ok gÃ¼zel, aÃ§Ä±k alan Ã§ok fazla geniÅŸ bi atmosfere sahip, aÄŸaÃ§landÄ±rma yapÄ±labilir mi diye dÃ¼ÅŸÃ¼ndÃ¼k fakat farklÄ±lÄ±k iyidir :) sueno meydanÄ± gÃ¼zel dÃ¼ÅŸÃ¼nÃ¼lmÃ¼ÅŸ hemen hemen her Ã§eÅŸit yemeÄŸi bulabilirsiniz ( sokak lezzetleri) odalarda aynÄ± ÅŸekilde geniÅŸ ve ferah, deniz manzaralÄ± odalarÄ± Ã§ok iyiydi, hatta ve hatta otel lobbysinde su iÃ§erisinde iÃ§inde piyano olan gondol fikri inanÄ±lmaz farklÄ± ve gÃ¼zeldi, gÃ¼zel aÄŸÄ±rlandik emeÄŸi geÃ§en tÃ¼m personellere yÃ¶netime teÅŸekkÃ¼r ederiz Ã¶zellikle beach barda bize hizmet veren Ã‡aÄŸkan kardeÅŸime Ã¶nerip hazÄ±rladÄ±ÄŸÄ± kokteyller ve efendiliÄŸi ile dikkatimizi Ã§ektiÄŸi iÃ§in burdan kendisine ayrÄ± bir teÅŸekkÃ¼r ederiz, iÅŸ dolayÄ±sÄ± ile gelmiÅŸtik yaza tatil iÃ§in gelmeyi Ã§ok isteriz Ã¶nerebileceÄŸimiz gÃ¼zel bir yer ÅŸÃ¼phesiz gelebilirsiniz :) ",5,"DoÄŸal afetten dolayÄ± boÅŸ otel bulmakta zorlanmÄ±ÅŸtÄ±k ÅŸans eseri bu gÃ¼zel seÃ§imi yaptÄ±k; iyiki de gelmiÅŸiz dedik, otel konsept olarak gerÃ§ekten Ã§ok gÃ¼zel, aÃ§Ä±k alan Ã§ok fazla geniÅŸ bi atmosfere sahip, aÄŸaÃ§landÄ±rma yapÄ±labilir mi diye dÃ¼ÅŸÃ¼ndÃ¼k fakat farklÄ±lÄ±k iyidir :) sueno meydanÄ± gÃ¼zel dÃ¼ÅŸÃ¼nÃ¼lmÃ¼ÅŸ hemen hemen her Ã§eÅŸit yemeÄŸi bulabilirsiniz ( sokak lezzetleri) odalarda aynÄ± ÅŸekilde geniÅŸ ve ferah, deniz manzaralÄ± odalarÄ± Ã§ok iyiydi, hatta ve hatta otel lobbysinde su iÃ§erisinde iÃ§inde piyano olan gondol fikri inanÄ±lmaz farklÄ± ve gÃ¼zeldi, gÃ¼zel aÄŸÄ±rlandik emeÄŸi geÃ§en tÃ¼m personellere yÃ¶netime teÅŸekkÃ¼r ederiz Ã¶zellikle beach barda bize hizmet veren Ã‡aÄŸkan kardeÅŸime Ã¶nerip hazÄ±rladÄ±ÄŸÄ± kokteyller ve efendiliÄŸi ile dikkatimizi Ã§ektiÄŸi iÃ§in burdan kendisine ayrÄ± bir teÅŸekkÃ¼r ederiz, iÅŸ dolayÄ±sÄ± ile gelmiÅŸtik yaza tatil iÃ§in gelmeyi Ã§ok isteriz Ã¶nerebileceÄŸimiz gÃ¼zel bir yer ÅŸÃ¼phesiz gelebilirsiniz :)","['Food', 'Staff', 'Room']"
Sueno Hotels Deluxe Belek,Otel sahane cok egleniyoruz yemekler muhtesem temizlik sahane havuzlarÄ± cok temiz animasyon ekibinden mert beye cok tesekkur ediyoruz oteli herkese tavsiye ederim gece programlarÄ± sahane mÃ¼zikler guzel,5,Otel sahane cok egleniyoruz yemekler muhtesem temizlik sahane havuzlarÄ± cok temiz animasyon ekibinden mert beye cok tesekkur ediyoruz oteli herkese tavsiye ederim gece programlarÄ± sahane mÃ¼zikler guzel,"['Food', 'Staff', 'Cleanliness', 'Entertainment']"
Trendy Lara,Otel Ã§ok aman aman deÄŸil 5 yÄ±ldÄ±zlÄ± otelde kutu iÃ§ecek yok .oda dolabÄ±nda dahi yok .yemek ve tatlÄ±lar idare eder.odalar kÃ¼Ã§Ã¼k banyoda hiÃ§ bir ÅŸey yok .minibarda sadece su  ve soda var.insan birkaÃ§ tane kutu iÃ§ecek koyardÄ± .personel yorgun .alacart restoran da kÃ¼ver var ekstra Steak iÃ§in para talep ediliyor bir daha gelecem bir yer deÄŸil kÄ±saca,3,Otel Ã§ok aman aman deÄŸil 5 yÄ±ldÄ±zlÄ± otelde kutu iÃ§ecek yok .oda dolabÄ±nda dahi yok .yemek ve tatlÄ±lar idare eder.odalar kÃ¼Ã§Ã¼k banyoda hiÃ§ bir ÅŸey yok .minibarda sadece su  ve soda var.insan birkaÃ§ tane kutu iÃ§ecek koyardÄ± .personel yorgun .alacart restoran da kÃ¼ver var ekstra Steak iÃ§in para talep ediliyor bir daha gelecem bir yer deÄŸil kÄ±saca,"['Food', 'Staff', 'Room']"
Trendy Lara,"Ana kapÄ±dan iÃ§eri ilk girdiÄŸinizden itibaren sizi gÃ¼ler yÃ¼zle karÅŸÄ±layan gÃ¼venlikte gÃ¶revli arkadaÅŸlar, otelin giriÅŸine geldiÄŸinizde hemen yanÄ±nÄ±za hoÅŸgeldiniz diyerek gelen gÃ¼len gÃ¶zler, odanÄ±zÄ± almak iÃ§in resepsiyona geldiÄŸinizde gÃ¼len yÃ¼z zehra hanÄ±m, gÃ¼len yÃ¼z tuÄŸran bey ve Ã¶zellikle ÅŸirine Zeynep hanÄ±m. GÃ¼zel tatilinizi gÃ¼zelleÅŸtiren yÃ¼zler. Lobi barda, restauranta Ã§alÄ±ÅŸan sevgili arkadaÅŸlar.
Ã–ncelikle hepinize teÅŸekkÃ¼rler tatilimizi gÃ¼zelleÅŸtirdiÄŸiniz iÃ§in.
Tekrar buluÅŸmak dileÄŸi ile sevgi ile kalÄ±n",5,"Ana kapÄ±dan iÃ§eri ilk girdiÄŸinizden itibaren sizi gÃ¼ler yÃ¼zle karÅŸÄ±layan gÃ¼venlikte gÃ¶revli arkadaÅŸlar, otelin giriÅŸine geldiÄŸinizde hemen yanÄ±nÄ±za hoÅŸgeldiniz diyerek gelen gÃ¼len gÃ¶zler, odanÄ±zÄ± almak iÃ§in resepsiyona geldiÄŸinizde gÃ¼len yÃ¼z zehra hanÄ±m, gÃ¼len yÃ¼z tuÄŸran bey ve Ã¶zellikle ÅŸirine Zeynep hanÄ±m.","['Staff', 'Room']"
Trendy Lara,"Ana kapÄ±dan iÃ§eri ilk girdiÄŸinizden itibaren sizi gÃ¼ler yÃ¼zle karÅŸÄ±layan gÃ¼venlikte gÃ¶revli arkadaÅŸlar, otelin giriÅŸine geldiÄŸinizde hemen yanÄ±nÄ±za hoÅŸgeldiniz diyerek gelen gÃ¼len gÃ¶zler, odanÄ±zÄ± almak iÃ§in resepsiyona geldiÄŸinizde gÃ¼len yÃ¼z zehra hanÄ±m, gÃ¼len yÃ¼z tuÄŸran bey ve Ã¶zellikle ÅŸirine Zeynep hanÄ±m. GÃ¼zel tatilinizi gÃ¼zelleÅŸtiren yÃ¼zler. Lobi barda, restauranta Ã§alÄ±ÅŸan sevgili arkadaÅŸlar.
Ã–ncelikle hepinize teÅŸekkÃ¼rler tatilimizi gÃ¼zelleÅŸtirdiÄŸiniz iÃ§in.
Tekrar buluÅŸmak dileÄŸi ile sevgi ile kalÄ±n",5,"Lobi barda, restauranta Ã§alÄ±ÅŸan sevgili arkadaÅŸlar.",['Staff']
Trendy Lara,"Trendy Lara'ya ikinci defa geliyoruz. Ä°lk geliÅŸim eÅŸim ile kÄ±ÅŸ tatiline Ã¶ylesine olmuÅŸtu, Åimdi ise Ailemi akrabalarÄ±mÄ±zÄ± topladÄ±m 10 kiÅŸi geldik. Ã‡ocuklar havuzlar soÄŸuk olduÄŸu iÃ§in havuza giremiyorlardÄ±, Rica ettik havuzun isitmasÄ± da hemen aktif hale geldi. Yemekler ayriyeten muhteÅŸem ve hatta yemekhane ÅŸefi Nejdet bey gÃ¼ler yÃ¼zÃ¼, gÃ¶nÃ¼lden anlayÄ±ÅŸÄ± ile tam donanÄ±mlÄ± bir ÅŸef. BaÅŸta hotel yÃ¶netimi ve Ã§alÄ±ÅŸan arkadaÅŸlar olmak Ã¼zere herkese Ã§ok teÅŸekkÃ¼r ederiz...

Ä°yi Ã§alÄ±ÅŸmalar diliyoruz...",5,"Ä°lk geliÅŸim eÅŸim ile kÄ±ÅŸ tatiline Ã¶ylesine olmuÅŸtu, Åimdi ise Ailemi akrabalarÄ±mÄ±zÄ± topladÄ±m 10 kiÅŸi geldik.",['Family']
Trendy Lara,"Trendy Lara'ya ikinci defa geliyoruz. Ä°lk geliÅŸim eÅŸim ile kÄ±ÅŸ tatiline Ã¶ylesine olmuÅŸtu, Åimdi ise Ailemi akrabalarÄ±mÄ±zÄ± topladÄ±m 10 kiÅŸi geldik. Ã‡ocuklar havuzlar soÄŸuk olduÄŸu iÃ§in havuza giremiyorlardÄ±, Rica ettik havuzun isitmasÄ± da hemen aktif hale geldi. Yemekler ayriyeten muhteÅŸem ve hatta yemekhane ÅŸefi Nejdet bey gÃ¼ler yÃ¼zÃ¼, gÃ¶nÃ¼lden anlayÄ±ÅŸÄ± ile tam donanÄ±mlÄ± bir ÅŸef. BaÅŸta hotel yÃ¶netimi ve Ã§alÄ±ÅŸan arkadaÅŸlar olmak Ã¼zere herkese Ã§ok teÅŸekkÃ¼r ederiz...

Ä°yi Ã§alÄ±ÅŸmalar diliyoruz...",5,"Ã‡ocuklar havuzlar soÄŸuk olduÄŸu iÃ§in havuza giremiyorlardÄ±, Rica ettik havuzun isitmasÄ± da hemen aktif hale geldi.","['Entertainment', 'Family']"
Trendy Lara,"Trendy Lara'ya ikinci defa geliyoruz. Ä°lk geliÅŸim eÅŸim ile kÄ±ÅŸ tatiline Ã¶ylesine olmuÅŸtu, Åimdi ise Ailemi akrabalarÄ±mÄ±zÄ± topladÄ±m 10 kiÅŸi geldik. Ã‡ocuklar havuzlar soÄŸuk olduÄŸu iÃ§in havuza giremiyorlardÄ±, Rica ettik havuzun isitmasÄ± da hemen aktif hale geldi. Yemekler ayriyeten muhteÅŸem ve hatta yemekhane ÅŸefi Nejdet bey gÃ¼ler yÃ¼zÃ¼, gÃ¶nÃ¼lden anlayÄ±ÅŸÄ± ile tam donanÄ±mlÄ± bir ÅŸef. BaÅŸta hotel yÃ¶netimi ve Ã§alÄ±ÅŸan arkadaÅŸlar olmak Ã¼zere herkese Ã§ok teÅŸekkÃ¼r ederiz...

Ä°yi Ã§alÄ±ÅŸmalar diliyoruz...",5,"Yemekler ayriyeten muhteÅŸem ve hatta yemekhane ÅŸefi Nejdet bey gÃ¼ler yÃ¼zÃ¼, gÃ¶nÃ¼lden anlayÄ±ÅŸÄ± ile tam donanÄ±mlÄ± bir ÅŸef.","['Food', 'Staff']"
Trendy Lara,"Trendy Lara'ya ikinci defa geliyoruz. Ä°lk geliÅŸim eÅŸim ile kÄ±ÅŸ tatiline Ã¶ylesine olmuÅŸtu, Åimdi ise Ailemi akrabalarÄ±mÄ±zÄ± topladÄ±m 10 kiÅŸi geldik. Ã‡ocuklar havuzlar soÄŸuk olduÄŸu iÃ§in havuza giremiyorlardÄ±, Rica ettik havuzun isitmasÄ± da hemen aktif hale geldi. Yemekler ayriyeten muhteÅŸem ve hatta yemekhane ÅŸefi Nejdet bey gÃ¼ler yÃ¼zÃ¼, gÃ¶nÃ¼lden anlayÄ±ÅŸÄ± ile tam donanÄ±mlÄ± bir ÅŸef. BaÅŸta hotel yÃ¶netimi ve Ã§alÄ±ÅŸan arkadaÅŸlar olmak Ã¼zere herkese Ã§ok teÅŸekkÃ¼r ederiz...

Ä°yi Ã§alÄ±ÅŸmalar diliyoruz...",5,BaÅŸta hotel yÃ¶netimi ve Ã§alÄ±ÅŸan arkadaÅŸlar olmak Ã¼zere herkese Ã§ok teÅŸekkÃ¼r ederiz...,['Staff']
Trendy Lara,"Aksu bolgesindeki en kaliteli otellerden birisi.Ozellikle yemekler cok lezzetli, Tatlilar 10 numara her ogun cesit cesit samfislikli tatli cikiyor, Odalar konforlu matraslari cok kaliteli, havuz buyuk ve temiz, otel ormanin icinde gibi heryer yemyesil cam agaclari ile dolu, lobi bara oturunca hemen geliyorlar bir isteginiz varmi diye. Seneyede ayni otele gidecegim tavsiye ederim.",5,"Ozellikle yemekler cok lezzetli, Tatlilar 10 numara her ogun cesit cesit samfislikli tatli cikiyor, Odalar konforlu matraslari cok kaliteli, havuz buyuk ve temiz, otel ormanin icinde gibi heryer yemyesil cam agaclari ile dolu, lobi bara oturunca hemen geliyorlar bir isteginiz varmi diye.","['Food', 'Room', 'Cleanliness', 'Entertainment']"
Sueno Hotels Deluxe Belek,Hotel hakkindaki dusuncelerim cook olumlu yonde . Showlar gunduz animasyon aktivitelerinin cesitliligi yemeklerin lezzeti alkolun kalitesi personnel in guleryuzlukugu con guzeldi Animasyon ekibinden Hakan Beye ilgilerinden oturu Ayrica tesekkur ederim,5,Showlar gunduz animasyon aktivitelerinin cesitliligi yemeklerin lezzeti alkolun kalitesi personnel in guleryuzlukugu con guzeldi Animasyon ekibinden Hakan Beye ilgilerinden oturu Ayrica tesekkur ederim,"['Food', 'Staff', 'Entertainment']"
Sueno Hotels Deluxe Belek,"Odalar Ã§ok iyi idi ayrÄ±ca giyinme odasÄ± olmasÄ± bÃ¼yÃ¼k avantaj , recepsiyon deprem bÃ¶lgesinden geldiÄŸimiz iÃ§in Ã§ok yardÄ±mcÄ± oldu Animasyon  Ekibinden Mert bey SÄ±la HanÄ±m iÅŸlerini severek yapÄ±yorlar havuz oyunlarÄ± Ã§ok keyifliydi . alakart restoranlarÄ± mutlaka deneyin",5,"Odalar Ã§ok iyi idi ayrÄ±ca giyinme odasÄ± olmasÄ± bÃ¼yÃ¼k avantaj , recepsiyon deprem bÃ¶lgesinden geldiÄŸimiz iÃ§in Ã§ok yardÄ±mcÄ± oldu Animasyon  Ekibinden Mert bey SÄ±la HanÄ±m iÅŸlerini severek yapÄ±yorlar havuz oyunlarÄ± Ã§ok keyifliydi . alakart restoranlarÄ± mutlaka deneyin","['Food', 'Staff', 'Room', 'Entertainment']"
